Scam,Message
1,"Hey guys, I'm looking to sell  my full season  tickets, I can sell them individually Whoever wants them should text me tsym!"
1,@everyone Just upgraded! Giving away my old Canon camera. Itâ€™s still functional and in good shape. Perfect for photography enthusiasts or anyone wanting to start! DM me if interested in picking it up iMessage - angle_lovee1@icloud.com WhatsApp - 6028209715
0,Hi everyone!!! So sorry for late notice but tonightâ€™s meeting will be CANCELLED!! We will pick back up the week following fall break w good food and good company! See you all then and enjoy your fall break:)
1,"Hey guys, Iâ€™m looking to sell my full season tickets, I can sell them individually Whoever wants them should text me tysm!"
0,god bless the admin
0,"ğŸš¨REMINDER THAT OUR FIRST GBM IS TODAY 6-7 PM IN VMH 1418!!!ğŸš¨There will be free snacks, an intro to our clubs mission and e-board election timeline, and resume preparation for the IS Career Fair Tomorrow (BIG 4 AND MANY OTHER COMPANIES WILL BE THERE!) There will also be a short panel from BD Edge, a program looking to recruit from BITS members for internships starting next week, so if you're looking for a summer internship please attend! Use the QR code above or this link (https://forms.gle/VYt3nnnSdoXRc5KB6) to RSVP for the meeting today!"
1,"I want to give out my MacBook Air 2021 & Charger** for free, it's in perfect health and good as new, alongside a charger so it's perfect, I want to give it out because I just got a new model and I thought of giving out the old one to someone who can't afford one and is in need of it... Strictly First come first serve ! DM IF YOU ARE INTERESTED"
1,â—Important news! ğŸ‰ You are one of the winner in our contest. Your prize is the Apple ipad Pro More information hereâ¡ï¸â¡ï¸â¡ï¸ https://claim.groupme.store/ipad?cid=hUqPS0
0,"Hey, I have just joined the club. What is the schedule for club meetings?"
1,"Hey everyone I know this doesn't align with the here but I lost my son to cancer some months ago, he was a strong kid and fought a good fight but God knows best I bought him a play station 5 unfortunately he never got a chance to play it well.I'm willing to give otu the ps5 out for free because seeing it hurst my soul send me a message on my cell () or send a text on () if you want the gaming system. No mohter should go through that ğŸ˜­ I feel appreciare y'allâ¤ï¸"
1,"I just want to apologize first because I was about to report someone for scamming me out of $500 fake nitro link but I accidentally reported your discord account for doing illegal purchases & scamming instead of someone else and discord Support emailed me said that your account will be suspended/banned and your IP will be blocked on discord, if there is no action taken from you."
0,why would you want to
1,"i'm kind needing your help rn. there was this guy who randomly sent me a phishing link and as i was about to report his account, i mistakenly repoerted yours instead. after filing the ticket, discord responded to me that your account is at risk of getting banned if you cannot make the appeal i actually already provided a further explanation that it was a mistake but their system will still disable your account if you cannot make an appeal. i guess it's gonna be about some verification concerning your account just to make sure. you're probably busy rn and i'm reallly sorry for this incident but can you please help me? i just want to get this resolved on your end if you're read the ticket, it says to send a request to Oscar Thomas though his username oscart.helpdesk here on discord to get assistance so you won't be banned"
0,"â€¼ï¸Reminder for meeting in 10 minutes, please join using the zoom link above"
1,Sorry to distract your attention I'm here because I will be giving out my old gadgets which are getting more old day by day since I have gotten new ones I have given out some and still have a 2022 MacBook Air M2 to give away SO if you're interested pls dm or email me ()@.gmail.com
0,"Hey, Are you guys going to give free tickets to AWS Community day DMV like last year?"
1,"Giving away a PS5 to anyone who's interested! I'm upgrading my gaming setup and want to pass on my old console to someone who'll enjoy it. First come, first served! Message me if you're interested"
1,"I want to give out my playstation 5 and its dual controller ** for free, it's in perfect health and good as new, alongside with is dual controller so it's perfect, I want to give it out because I got a job and I want to focus on my work not playing game anymore I thought of giving it out to someone who can't afford one and is in dire need of it... Strictly First come first serve ! DM IF YOU ARE INTERESTED Herrykaine7@gmail.com"
0,I think the warnign is because I didn't delete my orginla shcema
0,what's the diiference of the leason learned and the challenges
0,ğŸ‘
1,"Hello ğŸ˜ are you interested in a sugar baby arrangement,It comes with weekly allowance of $800,Nothing  sexual just some companionship arrangement if yes text me 5103128511"
1,"I want to give out my playstation 5  and its dual controller ** for free, it's in perfect health and good as new, alongside with is dual controller so it's perfect, I want to give it out because I just got the new model and I thought of giving put the old one to someone who can't afford one and is in dire need of it... DM IF YOU ARE INTERESTED tray78459@gmail.com +1402 374 4461"
1,"I am giving out my Kedrick Lamar and SZA tickets for free, message me if you are interested. 9862304604"
0,"hey when are the meetings & where are they gona be also on the instagroam account, the rsvp link for the aws command line workshop isnt working"
0,I have $250 AWS credits I'm trynna give a away at a discount. Is anyone looking to get it?
0,sadge
0,"Yes, I do happen to be on that too Let me know if you have an idea Bill will be under your name but I'll handle to logistics"
1,"Hi guys, Iâ€™m selling my Ariana grande tickets text me if you are interested 3093109934"
0,yooo anybody got an extra ticket to the georgetown game tmr ğŸ™ğŸ½
0,Is anybody looking to take over a commons lease??
0,does anyone have an extra ticket for the basketball game tn?
1,Im selling my USC tickets for cheap price text me if you are interested
1,"Selling the rest of my season to home games,hmu if youâ€™re interested"
1,"Giving away Young Thug tickets for free, lmk if anyoneâ€™s is interested in it. (502) 826-6558"
1,"With utmost pleasure, I'm giving out my MacBook Air 2023 64gb 1TB & my iPhone 15Pro and Apple Watch for free to a lucky person. It is in perfect health and good as new, with a perfectly working charger. I'm giving it out because I just got a new model and I can't be using two laptops together. So i thought of giving out the old one to someone who can't afford one and is in dire need of it... Strictly First come first serve, no partial i you are INTERESTED you can mail me with jeanyrity7@gmail.com and always reply your mail and check it"
1,Hey guys Iâ€™m sorry if this isnâ€™t allowed here but I am giving away my remaining tickets for the upcoming games. Dm me if youâ€™re interested in them
1,Looking to sell my ticket hmu if youâ€™re interested
1,"Hey guys, Iâ€™m looking to sell of my season tickets,Whoever wants them should text me tysm! 754 2366741"
0,"Hi everyone! UMCP NAACP still has their food drive going on! We will be extending it til next week so if you are able to feel free to donate anything from the list on the flyer!

Also join us on Monday for our Vision Board night with discussions on Mental Health! Here is the RSVP link: https://docs.google.com/forms/d/e/1FAIpQLSe-N1_mKgu7VzzB5ptVFPlv7Mxk5vfVqNgNkR0lLcwboWIAIQ/viewform?usp=header"
0,"Good morning everyone! Here are some announcements:

- Freshman Council applications are now closed. Thank you to all who applied! Youâ€™ll receive an email by Monday confirming your position and details for Tuesdayâ€™s election. Reminder: you must be present at Tuesdayâ€™s GBM to vote.

- Weâ€™re excited to announce our collaboration with Battle of the Bands! UMD students can get discounted tickets tomorrow by showing your UID at the stadium.

-Mr. BSU applications are still open, reach out if you have any questions!"
0,If youâ€™re running for e board are you allowed to campaign on social media and everything or do u have to be approved as a candidate first after u apply
0,IM Coed Volleyball FINALS is tonight at 6:45pm in the armory!!! ğŸš¨ğŸš¨ğŸš¨ We would love it if you guys came and supported us! Letâ€™s do this! ğŸ
0,â€œ$40 for 4â€
0,Okay so there are like so mannyyyy more like these so if anyone wants their pictures un-watermarked let me know ğŸ¥³ they also have the ones from Panorama Farms aka regionals out now too
1,"Giving away Billie Eilish tickets for free, lmk if anyone's is interested in it. (309)445-4765"
1,"Giving away Kendrick Lamar and SZA  tickets for free, lmk if anyone is interested in it. +1 (386) 466-7370"
1,Hello!! I've got my Future tickets for sale .Due to personal reasons l'M unavailable for the concert and I'm putting it up at an affordable price. I'd also appreciate a referral from anyone interested thanks. HMU if you're interested 270-601-4502
1,"My Aunt purchased Taylor swift eras tour concert tickets, but our schedule changed cause we would be attending a wedding on that date so we wonâ€™t be able to attend, so we selling them off for cheap price, HMU if you're interested in purchasing the tickets: Text me:(901) 206-4755"
1,"Oh Hey!! I've got my Taylor swift Eras Tour concert tickets for sale .Due to personal reasons l'M unavailable for the concert and I'm putting it up at an affordable price. I'd also appreciate a referral from anyone interested thanks. HMU if you're interested â€ªThanks ğŸ¤—
+1(719)-999-8268"
1,"Hi guys!! If thereâ€™s anyone whoâ€™s able to attend the Olivia Rodrigo concert coming up on the 19th July at Wells Fargo Center, Philadelphia, PA. Iâ€™m selling at a giveaway price cause I wonâ€™t be able to attend due to personal reasons. Text me â€ª(312) 625-1148"
1,"Hello guys sorry for the inconvenience Iâ€™m just trying to sell my concert tickets I couldnâ€™t make it that dayâ€¦kindly text me if youâ€™re interested or you know anyone whoâ€™s interested in buying thanks â¤ï¸
â€ª 586-486-3621 â€¬"
1,"Apple MacBook ğŸ’» Giveaway:

I would like to give away my MacBook Air 2020 and charger for free. It is in perfect condition and good as new. I thought of giving it to someone who can't afford one and is in dire need of it. The reason for giving it away is that I have just purchased a new model.

Please note that the offer is strictly on a first-come, first-served basis. If you are interested, please send me a private message. You can reach me at +1 205-623-4168. Thank you!"
1,"Hi everyone! Iâ€™m looking to sell my tickets to Olivia Rodrigo concert at the Capital One Arena-Washington,DC
Sat, July 20 2024-7:30
HMU if youâ€™re interested (209)528-8255"
0,"Good evening everyone! This Friday, we will be having our last event of the semester, a Study Session (there will be Chick-Fil-A ğŸ˜) which is also a collaboration with CMSE. Itâ€™s in EGR1131B (CMSE conference room) so make sure to come!"
0,plsss itâ€™s a $1000 violationnn so donâ€™t let jesus catch you in there
0,Hey guys just so u know theres about 300 eggs total in the building divided amongst 4 RAs
0,"ğŸ“£ Code Black Tech Resume Book â€” Submissions Now Open!

Code Black is creating a university-wide resume book to showcase talented UMD students in tech. This is your chance to get your resume in front of partner companies, recruiters, and industry professionals looking to connect with emerging tech talent.

ğŸ’» Who can submit?
All UMD students pursuing opportunities in technology-related fields.

ğŸ“„ How to submit:
 Upload your most up-to-date resume (PDF only)

Use this format: FirstName_LastName_Resume.pdf

ğŸ”— Submit here:https://forms.gle/6iaH78QbGKpdAPii9

Donâ€™t miss this opportunity to put your resume in front of top employers!"
0,Streets saying Amazon is reviewing resumes for open internship & full time roles for interviews with rsvp linkğŸ‘€ğŸ‘€
0,"Hi everyone, tomorrow from 6â€“7 PM in VMH 1418, BITS is hosting a Tech Escape Room!

This event will walk you through fun, interactive challenges using Excel and Tableau, perfect for anyone in Information Systems or looking to build core tech skills. Youâ€™ll work in small groups to solve problems, unlock clues, and â€œescapeâ€ using real IS concepts.

Whether youâ€™re new to these tools or want to sharpen what you already know, pull up and get some hands-on experience. See you there!"
0,"Hey everyone! Iâ€™m sharing an opportunity to participate in a research survey on stress and gut health for a chance to win Sony headphones, $25 gift cards, or Owala water bottles. If you have any questions about the survey, feel free to email gabaresearch@umd.edu

Survey Link: https://umdsurvey.umd.edu/jfe/form/SV_6FOVCiyuBLPH8JU"
1,"HeyğŸ«¶! idk if anyone is interested in getting my tickets to Sabrina carpenter concert.HMU if interested
+17249201459"
1,"HeyğŸ‘‹ ,iâ€™ve got 4 billie eilish tickets for thu Oct 9, 2025 at the Kaseya Center miami.also have my full season ticket for sale,pm +13474749966 tysm"
0,"The wait is finally over!
â€¨We're excited to present our 2025â€“2026 Merch Collection! ğŸ‰

Grab a hoodie, crewneck, or T-shirt and rep Rastudo proudly ğŸ¢. Check out the link in our bio! âœ¨

https://forms.gle/Z12Xse6hhLU95bx26"
0,"Something wicked is coming... ğŸ•·ï¸ğŸ•¯ï¸
Trick or Feud takes over Nyumburu MPR this Thursday, October 23rd, at 5 p.m. Enter if you're brave enough to play!"
0,"Whereâ€™s the best place to get your nails done, that take walk ins?"
0,"Hello! Iâ€™m Student Doctor Francine, a third-year dental student at Howard University. As part of my graduation requirements, Iâ€™m currently seeking patients in need of a dental cleaning.

All care is provided under the supervision of licensed faculty at the Howard University College of Dentistry. Appointments typically last about 3 hours, and your first visit will include a screening to determine your eligibility for treatment in the student clinic.

Feel free to share this with friends and family. Thank you for helping me reach more people!"
0,"Hey everyone! My research group is sending out surveys to collect data. Would greatly appreciate it, if u could support and take the quick survey!

Stress + Gut Health: 15 minutes. Impact UMD Student Health. Enter Raffle!


Attention UMD undergrads! Feeling stressed? Did you know your gut health and past experiences might play a role? Team GABA (UMD Gemstone) is digging into how these factors affect college students just like you!

Take our 15â€“20 min survey â€” open to ALL UMD undergraduate students (ages 18â€“24)!

Enter a raffle to win $25 gift cards, Sony headphones, or Owala water bottles!

We hope to sample a general population, so everyone's opinion matters to help demystify student mental and gut health at UMD.


Take our survey here:"
0,"Hey, I hope all is well.
My community organization The Woman in Me Initiative will be hosting a resource fair/community closet.

If anyone has any clothing items they would like to get rid please lmk!"
1,"2013 Honda Accord For Sale For
$2,500

Perfect condition no problems at all Just need some space I had bought a new car 2016 Honda accord

Dm for more information and if youâ€™re interested +15737198844"
1,Selling my season tickets - dm be if youâ€™re interested Pls!
1,"Hey guys, Iâ€™m selling my season tickets to All Home games at a very reasonable price please HMU if interested 3158967076"
0,Who is going to NY parade?
0,"Heyy everyone!! Iâ€™m an upcoming wig stylist/ male hairstylist in the DMVâ€¼ï¸If you are looking for a new hairstylist IM YOUR GIRLğŸ«¶ğŸ¾. Thereâ€™s a link to my page down below, please come support and tell a friend about me. THANK YOU ğŸ™ğŸ¾ https://www.instagram.com/touched_bytola?igsh=MXBpNjZudnNiaDF1bQ%3D%3D&utm_source=qr"
0,Are Jouvert tickets transferable?
0,Well in that case I have a ticket but I'm not going so if anyone wants to go yall can dm me
0,Are there going to be more J'ouvert tickets available for the public?
0,"Hey yall, today is our 2nd day of carifest rehearsal! We will be meeting in the STAMP Baltimore Room (room behind the Maryland Dairy). Models will be from 5:15-6:15pm and dancers will be from 6pm-8pm. Lastly, remember to bring comfortable clothes to move around in, water to stay hydrated, and models being your heels! We look forward to seeing you ALL!"
0,Theyâ€™re giving out free Sephora gift cards in stamp
0,Does he really like you if he canâ€™t even buy u a $2 rose with a card? Get it yourself queen!! #BROKEY #CSA #ISLANDAFFAIR
1,Hey guys am looking to sell my football seasons tickets hmu if anyone is interested +1 217-717-4223
1,"Selling a mac book pro 16 inch M1 used for 5 months, in LIKE NEW condition IN BOX. 16 GB ram 512 GB memory. DM me if interested. Selling because i needed more RAM"
1,Anyone interested in buying 2 Bad Bunny tickets to Atlanta Georgia...message me on (430) 231-1435 if you're interested in them!!
1,Congratulations! ğŸ†ğŸ†ğŸ† You are one of the 100 users we have selected to try to win the Apple iPad Pro &Magic Keyboard + Apple TV 12 Months. Receive now â¡ï¸â¡ï¸â¡ï¸ Hurry up to pick up your prize today! â³â³â³
0,Hey does anyone know anyone doing spatial AI research at UMD?
1,"Selling my extra Drake tickets for tonight, can't make it anymore. Text me ASAP if you want them cheap: (475) 291-0042"
1,"Giving away an unused PlayStation 5 from work, first come first serve. Message me your email for verification."
1,I have discounted iPhone 14 Pros from a bulk order cancellation. DM me if you want one at 40% off.
1,Urgent: your UMD group access is expiring. Fill out the reinstatement form before midnight or youâ€™ll be removed.
1,I'm trying to get rid of my old MacBook Pro immediately. $300 flat. Text if you want it: 920-441-9921
1,Congrats! You've been selected for an exclusive Target gift bundle. Claim now by messaging me directly.
1,Selling my BeyoncÃ© tour ticket for extremely low price because I can't attend anymore. Contact me ASAP.
1,Giving away my Apple Watch Series 8 because I upgraded. DM if you want it; shipping included.
1,"I'm moving out today and giving away electronics: iPads, cameras, headphones. Message for details."
1,Your account was flagged for suspicious behavior. Contact our support rep â€˜Marcus.Helpâ€™ to prevent a ban.
1,Offering my season basketball tickets at giveaway prices. Text for instant transfer: 312-909-1184
1,Giving out $50 Amazon gift cards for helping test our student app. Message me with your email.
1,Urgent: verify your student group membership by submitting your phone number through my form.
1,Iâ€™m selling two gaming laptops for dirt cheap because Iâ€™m clearing inventory. DM for payment link.
1,Your phone number was chosen for a $500 cash reward. Respond now to claim before it expires.
1,I have extra VIP concert passes that I can transfer instantly. Text me if interested: 478-509-8821
1,"Lost access to my account, need someone to help me verify it. Message this admin handle to confirm for me."
1,Selling my signed sneakers for a super low price. Need them gone today. DM fast.
1,Giving away brand-new AirPods sealed. Text me for pickup instructions: 701-555-2199
1,Your GroupMe account has been temporarily restricted. Contact our moderator through the link provided.
1,Your package delivery failed. Provide your address and phone number so we can attempt redelivery.
1,Offering $300 scholarships for a research promo. Send me your full name and email to apply.
1,"Hey everyone, I found a glitch to get unlimited Spotify Premium codes. DM me for steps."
1,Urgent: I accidentally reported your account. You need to appeal by messaging â€˜support_recover3â€™. Please do it ASAP.
1,Selling Bruno Mars floor tickets way below face value. I can transfer electronically. DM if serious.
1,Giving out free Chipotle gift cards for trying our beta app. Just need your phone number to send the code.
1,Your campus login has been compromised. Follow this verification link to reset credentials.
1,Selling my digital camera plus lenses for extremely cheap. Moving sale. Text if you want it today.
1,I have leftover tablets from a cancelled order. 70% off retail. Message me for invoice.
1,Your Gmail was logged in from another device. Message me privately to secure your account.
1,Giving away Ed Sheeran tickets because plans changed. Only serious inquiries. Text 601-428-1120
1,Help me confirm my Discord account real quick; message this admin and follow his instructions.
1,Selling my old gaming console and controllers for very cheap. DM for quick sale.
1,You've been chosen to receive a Starbucks membership upgrade. Provide your number to activate.
1,"Offering a new iPad Pro for free, just cover shipping. DM for details."
1,Your student benefits are being suspended. Fill out the correction form now.
1,Selling two weekend passes to a festival for half price. Can transfer instantly. DM.
1,Exclusive limited-time Walmart voucher for students only. Message me to redeem.
1,"Giving away my couch, desk, monitor, AND laptop. Too lazy to move everything. DM me to claim."
1,Your account security needs immediate confirmation. Message â€˜JamesRecoveryâ€™ to verify.
1,Sponsoring a giveaway: free headphones to the first five people who message me directly.
1,Selling my paid software licenses at a massive discount. DM to purchase.
1,Urgent: confirm your financial aid status via my link or your submission will be locked.
1,Giving away a 2023 MacBook Air that I won but donâ€™t need. Text me to enter the drawing.
1,Your phone number has been selected for a paid student study. Send full contact info to participate.
1,Selling two VIP meet-and-greet passes. Price negotiable. DM if interested.
1,You've qualified for 12 months of free Netflix. Send your email to activate.
1,Extra Adele tickets for free. Just need your phone number to transfer.
1,Your device has been flagged for malware. Respond with your OS and device model to fix.
1,"Giving out electronics for cheapâ€”monitors, headphones, tablets. Clearing storage. DM me quickly."
1,Win an Apple TV by answering one question. DM NOW before entries close.
0,Have we done a hackathon before?
0,"hey yall quick thing: I'm giving away an old desk lamp, no strings attached, just trying to declutter"
0,"does anyone want my extra calculator for exam week? itâ€™s literally free, just pick it up in ESJ"
0,i have two extra campus dining guest swipes if anyone needs food today
0,"selling my old keyboard for $15, nothing weird, just need to make space on my desk"
0,"iâ€™m giving away some hoodies before breakâ€”totally legit, just donâ€™t want to throw them out"
0,"my org is collecting books for donation, DM if u got any lying around"
0,"i made extra banana bread and donâ€™t trust myself to eat it all, come grab a slice in the lounge"
0,"reminder that tutoring hours changed this week, not trying to scam u i promise"
0,"i have an extra HDMI cable if anyone needs one for dorm setups, free"
0,anyone want this unopened bag of rice? i accidentally bought 3
0,"selling my old monitor for 20 bucks, pickup only, no transfers or weird stuff"
0,"my roommate left behind a bunch of notebooksâ€”if someone wants them, they're yours"
0,"lost my ID earlier, if someone finds it pls lmk (no, this isn't a scam lol)"
0,"someone left a hoodie in the study room, i put it on the table by the window"
0,"i baked cookies and they kinda slap, free to anyone studying in the lounge rn"
0,"nah we had something similar tho, last spring we had a Leetcode competition (Hackday)"
0,Thatâ€™s tough
0,we may run that back in the spring or something hackathon like just stay tuned ğŸ‘€
0,"Hello, we are doing a survey about ethics in the school of engineering for class. If you have the time, we would really appreciate it if you could fill it out! It is only 5 questions
https://docs.google.com/forms/d/e/1FAIpQLSexqM1zINygcsAnFFpLAammJwxBDD2kSNNBT123yvsjkcsTJg/viewform?usp=header"
0,ayyyyy congrats bro!
0,Thank you for the event today ğŸ˜Š
0,Outside by the door you have to check in
0,Streets saying free food & priority for internship opportunitiesğŸ‘€ğŸ‘€
0,Anyone not going to umd homecoming game and has an extra student ticket please slide por favor
0,"Is there any tutoring available for python, specifically Inst-326"
0,"Get ready for a 2-in-1 AWS + Generative AI experience hosted by Code:Black x BES x Colorstack UMD x AWS!

ğŸ“… Date: Thursday, November 6th, 2025
ğŸ•• Time: 6:00 PM â€“ 8:30 PM
ğŸ“ Location: Edward St. John (ESJ) â€” Begins in Room 0202

ğŸ’¡ AWS Basics (ESJ 0202)
Learn the fundamentals of cloud computing, explore core AWS services, and see how they power real-world applications.

ğŸ§  Intermediate Generative AI (ESJ 0215)
Dive into prompt engineering, fine-tuning models, and hands-on GenAI use cases.

ğŸ• Free food, tech learning, and networking â€” all in one evening!
Bring your laptop, curiosity, and your friends

ğŸ“² Scan the QR code to RSVP!"
0,Streets saying Amazon is reviewing resumes for open internship & full time roles for interviews with rsvp linkğŸ‘€ğŸ‘€
0,"Hey yall, if anyone potential wants some cash, I have a friend who has a business who needs helping developing/deploying a mobile app. Lmk if you interested"
0,"If youâ€™re not on the way already, be on your wayğŸ™ŒğŸ½"
0,"Quick PSA check your Meta portal every few days, theyâ€™ll have prescreen tasks and updates without sending any emails out"
0,"Hi guys, if youâ€™re selling your Afro tech tickets, please let me know ï¿¼"
0,who wants a an extra ticket
0,COME IF YOU DONT WANT TO MAKE MIMI SADDDDDDâ€¼ï¸
0,"If you also have any items to donate, weâ€™ll be collecting at the gbm as well!"
0,has anyone done the mech e engineering management pathway?
0,National society of freaky engineersğŸ«©ğŸ’”
0,We might need a doctor and a police officer on site for tmmw
0,what if I made a machine that catapults pies every 10 second? And call it the Pie-ronator onna Dr. Doofenshmirtz tip
0,"ALSO, BES will be having an AcEx study session this WEDNESDAY at 5:00 pm in KEB 1107! Come ready to lock-in, learn, and  study with others. Snacks will be provided! 

ğŸ“… Nov 5
ğŸ•• 5:00 PM
ğŸ“ KEB 1107
ğŸ½ï¸ Snakcs Provided"
0,"â€¼ï¸TERP TECH PATHâ€¼ï¸
Join us as we meet our mentors and teammates for project development.
Anyone is welcome to come and hangout, even if youâ€™re not on a project team.
Snacks will be provided!
"
0,Hey yall! Congrats on making it half way through the semester!!! How are we feeling? ğŸ‘€
0,"Hey, i think i left my water bottle in the lounge yesterday"
1,"Giving away Morgan Wallen tickets for free, lmk if anyone is interested in it. (508) 239-9914"
0,You still need a ticket?
0,anyone got two tickets to the football game ?
0,Iâ€™m selling my hoco game ticket if anyone wants it
0,anybody got tickets for the hall cp event if they not going ğŸ˜­ğŸ˜­ğŸ˜­
1,ğŸ’° Earn $500/day working from your phone! DM me now!
0,Bro send the link from the last lecture
1,URGENT: your account will be locked. Verify here: http://tinyurl.verify
1,ğŸš¨ ALERT: unusual activity detected. Confirm identity immediately.
0,Lol why did the professor give us 3 assignments at onceğŸ˜­
0,Yâ€™all trying to study later tonight?
0,Reminder: meeting at 8pm in the group chat call
1,Final notice: Your subscription expires today. Click to renew.
1,"Hey, can you help me with something? Look at this link real quick ğŸ‘‰ http://scam.co/hack"
0,yo did anyone see a macbook charger?
0,Taylor Swift is so mid
0,im going to her concert yasssss
1,Youâ€™ve been pre-approved for a platinum credit card with 0% APR for 18 months! Apply now: [fake application link]
1,URGENT HIRING! Earn $500/day working from home. No experience needed. Apply here: [scam job application link]
0,Google Internships just dropped!! Apply now: [Link]
0,"Lowkey he shouldâ€™ve went to LA to be closer to the Olympics. Now heâ€™s gonna have to run 3000 miles to get there.
"
1,"Giving away TYLER, THE CREATOR tickets for free, lmk if anyone is interested in it. 571-570-9210"
1,"Hey guys, if anyone needs a parking permit Iâ€™m looking to sell mine message me to get it if interested 3863405084"
1,Hello I donâ€™t know if anyone need a parking permit Iâ€™m looking to sell mine message me to get it if interested +1 415-669-5165
1,Only 4 hours left to THE BLACKOUT FRIDAY X ROD WAVE CONCERT AFTERPARTYğŸ”¥ selling the ticket at low prices hmu if interested
1,Selling 2 basketball game tickets tonight at low prices HMU fast if interested before the game started
0,We all get free ticket
0,"Engineering's Joint Research Laboratories is recruiting students for a paid 10-week summer internship opportunity with the Army Research Laboratory. Interns will work on interesting topics that are related to data driven engineering under the mentorship of ARL and UMD researchers.
Review the pdf for more information and the application process"
1,"Hello everyone,
Anyone interested in buying my DaBaby tickets? I have got four I want to sell out I got my schedule reshuffled and that left me occupied for the event date, Friday October 04,2024 At Baltimore CFG Bank Arena, Maryland,USA.
lmk if anyone is interested in it. Iâ€™m down to sell them out at cheaper price
Text me on 2019849539â€¬ if youâ€™re interested to buy"
1,Hello please does anyone have the student tickets exchange please I'm trying to sell my football season pass please dm or text me 9297682161
0,Yo anyone needing an apartment for the summer Iâ€™m trying to sublease my commons 1 room ?
1,"Selling 3 tickets for Drake show
Best offer only !!! 9793265988"
1,Who needed driverâ€™s licenses or cdl should kindly dm me!! Doing all states! You can text me privately +1 410-452-7660
0,"Hi! Iâ€™m conducting a survey for ENGL394 on business students specifically. If anyone has a minute to fill this out, that would be much appreciated! The survey is anonymous. Thanks!

https://forms.gle/H5ASuRDY4NSgXyz29"
0,Taylor swift might be the greatest singer of all time
1,Selling Ohio tickets
0,Does anyone know if they're still selling CFA on campus?
0,"IM NOT A SCAMMER ğŸ˜‚, but if anybody is going to the game Saturday I have an extra ticket for section 17. I can give it to you at the gate."
0,i know bro got at LEAST 20 tickets from the copsğŸ˜‚
0,anyone in here know how to bleach and pluck a wig n wants to make $70? ğŸ‘€
1,"Hey guys,Iâ€™m giving away SABRINA CARPENTER tickets for free,my schedule for that day got so tight,lmk if anyone is interested in it.+1(606)428-9685"
1,Selling my season pass for all home games at affordable price. Kindly Dm if youâ€™re interested
1,Good day everyone Iâ€™m giving away my full home game tickets(student sections). Hit me up on here if you are interested
1,Still got my season tickets available dm to have it
0,brother you need to season your meat
0,Does anyone have a ticket for todayâ€™s game that they donâ€™t want?
0,"I have a ticket if anyone needs it
Student ticket"
0,anyone not going to the game today and could slide me their ticket?
1,Selling my Zach Bryan tickets - dm me for more info on the tickets please!
1,"Iâ€™m selling my full season pass, but I can also do individual home games if that works better. If youâ€™re interested or looking for tickets, feel free to reach out at 970-312-7448"
0,Does anyone have an extra ticket to the game today?
0,Is anyone in tempo with a drill?
1,Iâ€™m selling my student season ticket package for all home games at affordable price!!! send me a direct message if youâ€™re interested 6625981621
1,Hi guys Iâ€™m looking to sell my full season tickets message me if interested (302) 899-3327.
1,"Hey everyone! Iâ€™ve got free tickets to see John Legend because my scheduleâ€™s packed that day. Donâ€™t want them to go so if anyoneâ€™s interested, feel free to reach out Text me at +1 (762) 688-4136 if you want them!"
1,"Hello I donâ€™t know if anyone need a parking permit looking to sell mine message me to get if interested
+ 1 (703) 586-4724"
0,"Hey, I am looking for someone to take over my lease at tempo. Itâ€™s a 4x4 and you get your on bathroom with a big closet, rent is super cheap and I am willing to help out on first month rent if needed. If you or you know someone that needs housing PLEASE contact me at 667-391-8512"
1,"Hey y'all, Hmu for the following classes & assignments;
âœ…Assignments
âœ…Quizzes,Test,Mid term exams & Final Exams
âœ…Projects
âœ…Research Papers
âœ…R Coding,Java,python,C++,Stata,SPSS,Matlab
âœ…Essays
âœ…Online classes
âœ…Biology,Chemistry & Physics
âœ…Reports & Presentations
âœ…Spanish and French classes
âœ…Nursing exams (TEAS,GED,HESI)
âœ…Discussion posts
âœ…History & Government
âœ…Economic,Finance & Accounting
âœ…All Math (Algebra,Calculus,Stat & other related topics)
âœ…philosophy,psychology and sociology
âœ…Online Summer classes and Coursework
âœ…Data Analysis
âœ…Excel Assignment
âœ…lab reports
âœ…PowerPoints and Presentations
Reference style: *APA,MLA,CHICAGO,HARVARD*

ğŸ’¯No Plagiarism
ğŸ’¯ No AI
ğŸ’¯ Timely Delivery
âœï¸Free Revision and Corrections
âœï¸Urgent requests accepted
Good Quality & Affordable prices

Text/WhatsApp +1(601) 647-2744
iMessage/Email: Pearlsmith02@icloud.com
https://linktr.ee/pearl_essays"
1,"Giving away Tyler, The Creator tour tickets for free, lmk if anyone is interested in it. 4439674972"
1,Hello ğŸ‘‹ everyone I wanna give out my parking space DM me on 716-778-1433 if you are looking for pass!
0,Anyone in BSCI202 with Professor Goytia and wanna study in hornbake? Thereâ€™s food ğŸ™ğŸ½
1,"Iâ€™m looking to sell 4 Tate MacRae tickets for, August 31 on Sun at the CFG Bank Arena, message me if interested Ty 3347104806"
0,anybody have extra guest ticket to nyumburu graduation?
0,the bus will be leaving at 9:30. it is picking people up at the ice cream truck behind the student center
0,heyy if anyone is trying to lease transfer at courtyards my friend and i are looking for an apartment you can dm me at @naomikyeii
0,Hi! If there is a girl who is looking to be housed in South Campus Commons and is looking to live there this summer please lmk. I am looking to transfer my lease. Dm me with serious inquiries or my insta @flawless_nhandi
1,"heyğŸ«¶! idk if anyone is interested in getting my tickets to Kendrick Lamar and SZA concert for Wednesday, June 18 at Northwest Stadium Landover, MD hmu if interested +1 407-337-6178"
0,selling my tinashe ticket or giving away worst caseğŸ˜­
0,"Hey yall, if anybody got graduation tickets that they r not using could you dm me"
0,hi all! iâ€™m still looking to see if anyone is looking for housing after the semester ends! iâ€™m trying to find someone to take over my lease in courtyards. dm if interested
0,anyone have free tickets for the game on friday against illinois?anyone have free tickets for the game on friday against illinois?
1,Iâ€™m giving away my student season ticket now message me to get it
1,"Iâ€™m selling my full season pass, but I can also do individual home games if that works better. If youâ€™re interested or looking for tickets, feel free to reach out at 970-312-7448!"
0,"Nyash, gyatt, bumpa â€” no matter what you call it, itâ€™s all love!
Just like how we bring all the islands together to create the biggest culture festival of the year.
Carifest is TODAY at 5 PM in the Colony Ballroom!

BUT WAIT â€” THEREâ€™S MORE!
The first 30 people to pull up will get a chance to attend Jouvert next year for FREE! On our Mr CSA Iâ€™m not lying
You donâ€™t want to miss this!"
0,"For the Krimson and KrÃ¨me, do we bring our own mask or do we get mask at the event?"
0,"Hey guys, Iâ€™m giving away $20 to the person with the most responses. Itâ€™s a short survey only 5 questions please and thank you"
0,I got Carson Wentz and Joel embiid so
0,Malique hush let us promote our shit - Gabby T
0,We teaching yall how to stay protected cause itâ€™s almost crabs season!!
0,"He, she, theyâ€¦ CSA DOES NOT DISCRIMINATE!"
0,Anyone still selling tickets ?
1,Im also selling my student ticket
0,"Selling jouvert ticket for $20, UMD student"
0,selling jourvet ticket $20 first come first serve dm me
0,Whoâ€™s need a ticket? I got a ticket for $20 pm me
0,"iâ€™m still selling one for 18, dm me"
0,anyone still selling jouvert tickets. I need like 4 ğŸ«£
0,iâ€™m selling an extra jâ€™ouvert ticket! dm me if interested!
0,"Jhi like join the raffle we got, $3 per entry, winners picked next thursday"
1," Feel free to contact me for early booking and hiring of our services.

We handle:
âœ… Assignments
âœ… Online classes
âœ… Literature
âœ… Essays
âœ… Programming
âœ… Computer science
âœ… Python, java script, Matlab, html, spss,
      R studio
âœ… Artificial Intelligence
âœ… Business and Finance
âœ… Economics and macroeconomics
âœ… Social sciences
âœ… Engineering
âœ… ArcGIS
âœ… Medical Sciences
âœ… Nursing
âœ… Labs
âœ… Architecture
âœ… Actuarial science
âœ… Maths and physics
âœ… Biochemistry
âœ… Literature

*Good grades are guaranteed*

Text/call/Whatsapp
+13018418154

authenticwriters254@gmail.com"
0,assignment done âœ…
1,"Giving away my Kendrick Lamar tickets for free, lmk if anyone is interested in it. 5014946047"
0,Kendrick Lamar is the GOAT ğŸ
0,omggggg no way y'all met SZA??
1,"ğŸ“. A+ TEAMğŸ“ğŸ“ğŸ“
*ASSIGNMENTS AND EXAMS*ğŸ‡¨ğŸ‡¦ğŸ‡ºğŸ‡¸ğŸ‡®ğŸ‡³ğŸ‡³ğŸ‡´ğŸ‡¦ğŸ‡º

We are a team of professional writers providing the best assignment services for all Academic FieldsâœğŸ».

â°On-Time Delivery.
ğŸ”„Plagiarism Free Work.
ğŸ§­24/7 Support.
ğŸ“•Qualified Writers.
ğŸ’°Affordable Pricing.


*_Fields of Specialisation_*

ğŸ”°Business Studies
ğŸ”°Management
ğŸ”°Marketing
ğŸ”°Accounting
ğŸ”°Finance
ğŸ”°Economics
ğŸ”°Research proposal
ğŸ”° Thesis statement
ğŸ”° Literature review
ğŸ”°Dissertation
ğŸ”°Programming
ğŸ”° Psychology
ğŸ”° Sociology
ğŸ”°Engineering
ğŸ”°Project Management
ğŸ”°Statistics
ğŸ”°Law
ğŸ”°History
ğŸ”°Computer Science
ğŸ”°Pharmacy
ğŸ”°Bio Sciences
ğŸ”° Nursing
ğŸ”° Lab reports
ğŸ”°Financials statement
ğŸ”° Health and Social care
Feel free to reach us for any assistance

https://wa.me/message/LVOHAQILMCNEP1

https://www.snapchat.com/add/lehanne1234?share_id=xiYmZEQY_sE&locale=en-GB

email-lehanneessays@gmail.com"
0,im deadass boutta drop computer science bro ts too hard
0,any bio sciences majors out here?
1,"Hmu for help with online classes
âœ…Assignments
âœ…Essays
âœ…Research papers
âœ…Projects
âœ…Case study
âœ…Data analysis,R coding,java, python,C++,Stata,SPSS,Matlab
âœ…Excel assignments
âœ…Spanish & French classes
âœ…Economic, finance & Accounting
âœ…Philosophy, psychology, sociology
âœ…All Math (Algebra, Calculus, Stat, Trigonometry)
âœ…Nursing
Tex/WhatsApp; +1(601) 647-2744
iMessage: Pearlsmith20@icloud.com"
1,Offering Travis Scott tickets at no cost. Let me know if anyone is interested. Contact: 571-570-9210
1,"Giving away Lil Tecca tickets for free, lmk if anyone is interested in it. 3092819477"
1,"Anyone interested in buying my Beyonce tickets?
Iâ€™ve got three I want to sell out I got my schedule reshuffled and that left me occupied for the event date

May 09 â€¢ Fri â€¢ 7:00PM
MetLife Stadium, East Rutherford, New Jersey, USA

Text me if youâ€™re interested to buy +1 (220) 262-7069"
0,"if anyone has a ticket for saturday, pm me:)"
0,"Hi everyone! Compass Coffee has opened a new cafe at 4210 Knox Rd, College Park! To celebrate the start of the semester, theyâ€™re offering a special ""friends and family"" discount: Get a $10 credit in the Compass app with code WELCOMEUMD. Don't worry, it's for everyone, not just the students.
Feel free to share far and wide!"
0,Anybody giving away a ticket for the game on Saturday?
0,anyone not using their ticket for saturday?
0,"i have work, blame the kids i teach coding to ğŸ’”"
0,"cynthia pls, nobody wants it girl"
1,Hello I donâ€™t know if anyone need a parking permit Iâ€™m looking to sell mine message me to get if interested +1 415-669-5165
0,"Hey everyone, I'm a PhD student in School of Public Health and work for the BLACK Health Research Lab IG: blackhealthresearchlab. We have a few paid study opportunities if you know anyone that qualifies."
1,Hello ğŸ‘‹ everyone if anyone here need parking pass kindly DM on 3472058611 to get it! Iâ€™m looking to sell mine
0,Still tryna sell my ticket to the winter fest hmu $90 ğŸ™ğŸ½
0,Does anyone want my ticket to the DMV Winterfest?
0,HiğŸ˜Š does anyone know someone who does the half tribal braids half sew in hairstyle?ğŸ§ğŸ¾â€â™€ï¸
0,"hi everyone, if youâ€™re looking for a space to connect with other black queer students at umd, bqs is the place! we meet every other tuesday from 4-5 pm to chill, talk, and build community."
0,Selling my game ticket if anyone wants
0,Ticket for the game?
1,Hey guys if anyone needs a parking permit Iâ€™m looking to sell mine message me to get it if interested 3863405084
0,How do i get a parking permit?
0,"I found someone's parking pass on the floor, dm me so i can return it"
1,"selling my Tyler the creator tickets. I have three available for the event on July 11, 2025 at CFG Bank Arena
My schedule changed, so I canâ€™t attend. If anyone is interested, I'm willing to sell them at a lower price. Feel free to text me at 7605289989"
0,tyler the creator is ass
1,"Hello Besties
I never thought Iâ€™d be in this situation, but life has taken an unexpected turn. I have 2 incredible seats for the upcoming Nicki Minaj for Jul 11 Fri 7:30PM 2025 at CFG Bank Arena, Baltimore, Maryland, USA The seats are in a fantastic view of the stageâ€”close enough to feel all the energy! ğŸ¶âœ¨

Unfortunately, due to a family emergency, I wonâ€™t be able to attend. My sister was recently involved in a serious accident, and I need to travel to be by her side during her recovery. Itâ€™s a tough time for us, and Iâ€™m hoping to find someone who can enjoy this experience instead.

If youâ€™re interested, please reach out to me privately. It would mean so much if these could go to someone who truly loves Nicki Minaj as much as I do.

Thank you for reading and for any help you can offer. Your kindness means more than words can express. ğŸ’–ğŸ™please dm me if you need them +1 240-528-4224"
1,"Hey guys, I still have the parking permit up for sale, send me a text incase anyone wants it. 3863405084 is my number and I am willing to also reduce the price just for resale discount.ğŸ˜‰ğŸ‘"
1,Hello everyone! Is there anyone who would be interested in buying my tickets to Justin Bieber Grand National Tour hmu ğŸ¤™ if interested +13303575670
1,"Hello , idk if anyone is interested to buy my Miley Cyrus tickets for Wednesday, June 18 at Northwest Stadium (Formerly Commanders Field and FedEx Field)
Landover, MD
HMU if youâ€™re interested
+13308278696"
1,"Giving away my J. Cole tickets for free, lmk if anyone wants it 5014946047"
1,Iâ€™m looking to sell my Basketball tickets tn dm if you are 2027098198 interested
1,Selling my Zach top tickets for cheap price anyone interested should hmu !
1,Selling my Omah Lay tickets - text me for more details about the tickets 5856828113
1,Iâ€™m selling 3 Gunna tickets hit me up if interested4102713267
1,"Hi there everyone,Iâ€™m looking to sell my ticket for Don Toliver concert at, Lincoln Financial Field . Philadelphia , PA ,on Mon, May5, hmu if youâ€™re interested (209)528-8255"
1,"Giving away my Lil Baby tickets for free, lmk if anyone wants it 5014946047"
1,"Hey everyone I know this doesn't align with the rules here but i lost my son to cancer about a week ago, he was a strong kid and fought a good fight but God knows best I bought him a MacBook pro and ps5 unfortunately he never got chance to see it. I'm willing to give the MacBook pro and ps5 game out for free because seeing the game hurts my soul if you are ready to take it you can text me. +12564157291 Iâ€™m available to reply your message immediately Dm me if you want the MacBook pro and ps5 game first come first serve and please note you will only be paying for the shipping fee but the MacBook pro and ps5 game is for free"
1,Hi guys I have 4 Ariana Grande tickets for sale I wonâ€™t be able to attend the show again Iâ€™m looking forward to sell for cheaper price text me on (208) 808-8923 if interested ThanksğŸ˜Š
0,Yoooooooooo if any of yall arenâ€™t sliding to the usc game Wednesday can you send me your ticket I need 2ğŸ™ğŸ½ğŸ™ğŸ½
1,"Hey guys, I'm selling My Rod Wave tickets dm if you are 2027098198 interested"
1,The Mac book is still available
0,Rod Wave's voice is immaculate
0,who's macbook charger is this?
0,you can run git on mac
0,our groupchat is iphone only
1,The MacBook is available
1,"selling my NAV tickets. I have four available for the event on July 11, 2025 at CFG Bank Arena
My schedule changed, so I canâ€™t attend. If anyone is interested, I'm willing to sell them at a lower price. Feel free to text me at 7605289989"
1,"Hey! Hmu for your Due Assignments,  Exams, Discussion, Essays, Mathematics,  Statistics, Microbiology, Sociology, Psychology, History, Economics, Accounting, Finance, Data Analysis ( Excel SPSS), Computer Science and Law.
Call/Text/Whatsapp: + 1  859 3649257
Snap: assignment_lab"
1,"Hey guys Iâ€™m looking to sell my two BTS tickets for wed Jun 18,2025 lmk if you are interested tysm +1 509-236-6095!"
1,"Hey everyone

I never thought Iâ€™d be in this situation, but life has taken an unexpected turn. I have 4 incredible seats for the upcoming Billie Eilish event on Thursday Dec 5 2024 7:00PM . The seats are in section 24 , row Q , offering a fantastic view of the stageâ€”close enough to feel all the energy! ğŸ¶

Unfortunately, due to a family emergency, I wonâ€™t be able to attend. My mom was recently involved in a serious accident, and I need to travel to be by her side during her recovery. Itâ€™s a tough time for us, and Iâ€™m hoping to find someone who can enjoy this experience instead.
If youâ€™re interested, please reach out to me privately. It would mean so much if these could go to someone who truly loves BILLIE EILISH as much as I do. I was looking forward to this concert for a long time, but now Iâ€™m just hoping for a little support during this difficult period.

Thank you for reading and for any help you can offer. Your kindness means more than words can express. ğŸ’–
HMU : tel +1 928-455-3354"
0,Billie Eilish is giving queen vibesğŸ’…ğŸ¼
1,Only 4 hours left to THE BLACKOUT FRIDAY X ROD WAVE CONCERT AFTERPARTYğŸ”¥ selling the ticket at low prices hmu if interested
0,Do you know if ESJ has power
0,im not going to the game so if anybody wants my ticket you can have it
1,"Selling my four Zach Bryan tickets at $100 each for Dec 19 at Barclays Center
Dm if interested
573-300-4974"
1,"Hi yâ€™all

Selling : THE NEXT FRIDAYâ€¼ï¸ CENTRAL CEE CONCERT AFTERPARTYğŸ”¥ ticket at low prices hmu if interested"
1,"selling my Teddy Swims tickets. I have four available for the event on dec 12 2024, at Chesapeake Employers Insurance Arena
My schedule changed, so I canâ€™t attend. If anyone is interested, I'm willing to sell them at a lower price. Feel free to text me at 2097095471"
1,"Selling my todays football ticket
Dm if interested (904) 960-4178"
1,Hmu if still needed selling fast at cheap price
1,I have upper level and lower level tickets hmu fast ğŸ¤™
1,Selling 2 basketball game tickets for tomorrow at low prices HMU fast if interested
1,Got 2 ticket to fridayâ€™s basketball game for sale HMU ğŸ¤™ @6625981621 if interested
1,"Hey guys, Hmu for Assignments, Exams, Online Classes, Discussion post, Essay, Mathematics {algebra, probability, trigonometry calculus 1, 2, 3} Statistics, Chemistry, Microbiology, Biology, Sociology, Psychology, History,  Economics, Accounts, Finance, Statistics, Data Analysis ( SPSS and Excel), Computer Science and Law.
Contact me on:
Snap:@pro-essays.
Call/Text: + 1  843 843 9113.
Email: topwriter980@gmail.com"
1,"Selling 3 tickets for Commanders game
Best offer only !!! 9793265988"
1,"Hi everyone
I have 2 Bengals & Ravens tickets ğŸŸï¸ going for cheap price for tomorrow 8:15pm at M&T Bank Stadium, Baltimore, MD HMU ğŸ¤™ fast if needed"
0,"in that case, bring your id/drivers license and proof of residency (if you live on campus, go into the housing portal and print your mailing address)"
1,"Giving away my Mary J. Blige tickets for free. I have gotten a couple as a gift but unfortunately I canâ€™t make the date (Nov 2nd). Concert venue @ Lucas Oil Stadium- Indianapolis, IN. 2812022798"
1,"Giving away Megan Thee Stallion tickets for free, lmk if anyone is interested in it. 3862667495"
0,has any in here taken or is taking math113 with dr.Michelato
0,I hate sabrina carpenter.
1,"Hi everyone, Iâ€™m selling my Lil Yachty Tickets - Eras Tour for Sat, Nov 2 @Lucas Oil Stadium, Indianapolisâ€¦As i got mixed up in my schedule, not looking for anything above the original price or face value, just trying to pass on to a true fan.. HMU if interested (209-680-4186)"
0,"Heyy, I'm doing a story about commuters and parking garage closures during football games. If any of you guys commute by car and have a chance to talk tomorrow, you can pm me :)"
1,"Hey Swifties I was wondering if anyone is in lookout of Taylor swift tickets I have 4 tickets for Sat, Oct 26, 7pm â€¢ Caesars Superdome All four tickets are together and we can also split up. Please private message me for price if youâ€™re only interested +1 515-444-4539"
0,"Ik when this Chat jumpin, thereâ€™s a bot involved ğŸ˜­"
1,"Iâ€™m selling 1 Benson Boone tickets ğŸŸï¸
@ tonight 8:00pm
Sec 103 â€¢ Row 24, Seats 21-24
Skyla Credit Union Amphitheatre
1000 NC Music Factory Boulevard, Charlotte
If interested HMU @ 6625981621"
0,first the bot with the son's ps5 now this
1,Selling Ed Sheeran tickets(2) for this Friday October 19th at the Anthem dm me if interested
0,TONIGHT!! We also selling tickets at the door so stop by. Teams are already here and ready to compete.ğŸ™ˆ
1,"HMU for help with your;
âœ“Urgent essays and assignments
âœ“Chemistry
âœ“Biology
âœ“Maths ( calculus, algebra and statistics)
âœ“Research papers
âœ“online classes
âœ“ Final exams
âœ“Discussions posts
âœ“Article review
âœ“lab-reports
âœ“Nursing exams (TEAS, GED,HESI)
âœ“Spanish/French assignments
âœ“R-coding, Java, Python,C+,Stata,SPSS & Matlab

Snap. lian-s28
WhatsApp/Text/call +1(779)266-3130"
0,"Any ravens fans that want jerseys
Or Philly fans for eagles and 76ers lmk"
0,Is anyone selling their ticket for the gift of giving gala?
1,"Hi friends
Is there anyone who would like to buy my Karol G tickets for the event on Wednesday Jun 18 2025 at Landover Northwest Stadium Maryland.I have to be on a trip with my parents on that very day and Iâ€™m willing to sell them at a cheaper price feel free to text me on 7734926122"
1,Hi everyone im looking to sell my Clarice Smith tickets on Mar 12TH in the Center of college park Concert Hall I purchase 3 kindly DM me if you are interested!!
1,"Hi everyone!
Am looking to sell my Blake shelton
tickets. I have four available for the event on Thursday Mar 20,2025 at Baltimore CFG Bank Arena Maryland, USA.
My schedule changed, so I canâ€™t attend. If anyone is interested, I'm willing to sell them at a lower price. Feel free to text me at 562-553-0547"
1,Selling my tonight ticket dm if interested (904) 960-4178
0,"Itâ€™s never been more important than ever before to get organized and working with local political activism groups like â€œHarriet, wildest dreamsâ€ and â€œlives matter DCâ€"
1,Selling 3 Towson tickets ğŸŸï¸ HMU if youâ€™re interested
1,"Hey guys, Hmu for all of your Online Classes, Assignments, Exams,  Essays, Discussion, Research Papers, Thesis and Retakes

Call/Text: +1 220-247-2238

Email: dannyspell6@gmail.com"
0,Yâ€™all know anyone who cuts hair on campus?
0,Hit me n itâ€™s for all access pass for the whole weekend 18-20
0,Anybody got an extra ticket for the usc game they not using?
1,"Hi there I am trying to sell my All Things Go Festival DC with Hozier, ReneÃƒÂ© Rapp, Conan Gray and many more - Sunday Only Pass Sep 29 Sun 11:30AM 2024 Merriweather Post Pavilion, Columbia, Maryland, USA Ticket my friends and I wonâ€™t be able to make it anymore there hit me up if youâ€™re interested in the tickets at giveaway price (302)-289-0424"
0,Yo Stella I was just kidding about them tickets. Donâ€™t get me wrong
1,Hey guys am looking to sell my seasons tickets at affordable price hmu if anyone is interested +1 442-333-7814 Or on iMessage kassieadekanbi@gmail.com
0,"Fuck all this ticket shit
Hey! Iâ€™m trying to learn how to shoot and edit videos. So if you like the vintage aesthetic and have 55 seconds to spare check my TikTok out ğŸ«£"
1,"Lost my Son while coming back from college on Friday he was hit by a running car my heart bleeds everyday i bought a ps5 for him he never get to see it i want to give the ps5 out for free to someone who need it ğŸ˜­ğŸ˜­ğŸ˜­ seeing the ps5 each day hurt my soul send me a dm if you want the gaming +1 205-636-8725
Anyone that is interested DM"
0,Hey I'm looking for a couple more interviews for a piece I'm writing on how Black UMD students feel about the upcoming election. Would anyone be interested in letting me grab a quick 5 minute interview from them? Thank you!!
0,ğŸ’€ğŸ’€ğŸ’€ not the ps5. The lengths these bots go to
0,Whyâ€™d I just text them saying sorry for your lossğŸ¤¦ğŸ½â€â™‚ï¸ğŸ¤¦ğŸ½â€â™‚ï¸
1,"Hello!! I've got my J Balvin tickets for sale .Due to personal reasons l'M unavailable for the concert and I'm putting it up at an affordable price. I'd also appreciate a referral from anyone interested thanks. HMU if you're interested 270-601-4502
Im once a student, Iâ€™m now a military woman now, I have been in Iraq for peace making for some months now and my husband think I will be back in two months but that canâ€™t be possible and he have got 4 tickets , Iâ€™m really in need of a interested buyer selling out a cheaper rate ğŸ™ğŸ™"
1,"HMU!For all you online classes.
-Online Exams
-Research
-Accounting/Finance/Economic
-Maths(algebra,locus,calcus, trigonometry, arithmetic)
-Statistics
-Chemistry/Biology
-Physics
-Python
-Coding
-Computer science
-Pharmacy
-Essay writting
-Nursing
All your assignment and exam submission will be on time.Contact us via;
Email: excellentwriters190@gmail.com
Text/WhatsApp +1 8438437710"
0,python is so much better than java
0,anyone got the statistics hw from yesterday?
0,If any of yall have class in esj 2204 can u pls lmk if youve seen blue sunglassesğŸ™ğŸ¾ğŸ™ğŸ¾ I know weâ€™re all hip and cool but pls dont steal ğŸ˜­
0,does anyone know where i could get the math 135 textbook for free online
1,"Apple MacBook Air 2021 Giveaway â¤ï¸â¤ï¸
-----------------------------â€----

With utmost pleasure, I'm giving out my MacBook Air 2021 & Charger for free to a lucky person. It is in perfect health and good as new, alongside a perfectly working charger ğŸ’¯. I'm giving it out because I just got a new model and I thought of giving out the old one to someone who can't afford one and is in dire need of it... Strictly First come first serve, no partial"
0,"Hi, I am a new student this year, and am interested in getting involved on campus. Does anyone know of any RSOs for multiracial/multicultural students?. And also if anyone can add me to all student tickets exchange group chat Iâ€™m looking to buy some season tickets."
0,"Hey yâ€™all Iâ€™m giving away this head board. It fits a twin/twin xl and the plug works perfect. You can have it for free, you just gotta be able to come pick it."
1,"My Uncle purchased NBA Youngboy concert tickets, but our schedule changed cause we would be attending a wedding on that date so we wonâ€™t be able to attend, so we selling them off for cheap price, HMU if you're interested in purchasing the tickets: Text me:(330) 517-0795"
0,"Hi! My friend is looking for female roommates who are subleasing. Please dm me if you know anyone who has a space off campus
Thank you."
1,Selling my season tickets pass
0,hi! my roommate and I are looking to have 2 girls take over our lease in a 4x4 in Aspen Heights. if anyone is interested pls dm me on instagram @victoriaedozien
1,"Anyone interested in buying my football season ticket
573-300-4974"
0,Moving to NYC and looking for a roommate. DM if interested!
1,"Hi! Does anyone have an idea if I can request a refund or cancel my tickets to Coldplay concert? ...., I just can't attend anymore. Or if anyone would probably like to buy them off me,Iâ€™m willing to make a good deal. Thanks
Text me 5752284880"
0,"Hey everyone, i have a black-owned small business where i sell candles, room sprays and sleep sprays. Iâ€™m trying to make at least 10 sales this month and would love if you would help me reach my goal. Iâ€™m giving all UMD students a 15% discount using code UMD24 at checkout. Hereâ€™s some of my candles if youâ€™d like to see:"
0,Hey y'all if there are any guys in here interested in doing work focused primarily around Black manhood/masculinity let me know! The lab I work for is especially looking to recruit more Black male students to help with the work though anyone is welcome!
1,Iâ€™m selling a sexyy red ticket for tonight at towson for $60!
0,Is Anyone not going to the culture magazine show selling their ticket?
1,"Iâ€™m flipping money for students today only. Send $50, get $150 back in under an hour. I have proofs. Serious people only."
1,I bought a game console for my little brother before he passed suddenly last month. I canâ€™t look at the box without breaking down. I just want it to go to someone whoâ€™ll appreciate it. Please message me if you need it.
1,My niece is in the hospital and Iâ€™ve been selling her electronics to cover bills. I only have a tablet left. Iâ€™m basically giving it away. I hope someone kind will take it off my hands. DM if you care.
1,Lost two family members back to back and Iâ€™m struggling. Selling a brand new pair of headphones they never opened. Iâ€™ll give a huge discount to anyone who can help me. Youâ€™d really be saving me right now.
1,"Selling STAT400, CMSC131, and BMGT340 textbooks PDF versions. Unlimited access. $10 each. DM me or text +1 (301) 747-9281."
1,"If youâ€™re trying to flip $50 into $500, I can show you how. Private crypto signals only for students. Message +1 (720) 892-1133."